Day,T,pH,Ammonia,Nitrate,TN,OM,AR,cNH3,literature,C/N Ratio,exp_id,stage
0,19.97,5.451819838,2562.37911,109.0747331,2.29,46.0884669,0.020871982,0,"Li, Y., et al., Ammonia emissions and biodegradation of organic carbon during sewage sludge composting with different extra carbon sources. International Biodeterioration & Biodegradation, 2013. 85: p. 624-630.",11.6739954,1,1
3,56.81738719,8.267684818,5933.752418,129.7153025,2.637166869,35.18581882,0.025092969,0.491719667,,7.73914154,1,2
6,45.04345699,8.083497127,5009.67118,149.6441281,2.1213238,34.55508711,0.025337158,1.484398094,,9.448606576,1,3
22,25.12896913,7.214798777,3019.34236,199.8220641,2.39,33.83425087,0.025616232,2.452572838,,8.211479305,1,3
0,19.97226559,5.229619177,2877.176015,78.82562278,2.46,46.22362369,0.020369873,0,,10.89912467,2,1
3,58.01430975,8.54916708,5781.431335,99.46619217,2.583701727,37.66369338,0.023612276,0.264024499,,8.455577385,2,2
6,45.2277575,8.216808652,5182.301741,119.0391459,2.257180314,35.00560976,0.024619128,1.204658317,,8.995682766,2,3
22,26.23408501,7.237021061,3892.649903,179.8932384,2.35,33.29362369,0.025267608,2.146869541,,8.217807102,2,3
0,20.06420969,7.511095895,2237.427466,63.87900356,2.39,48.29602787,0.02090229,0,,11.72131267,3,1
3,60.13218511,8.423251894,6370.40619,109.7864769,2.481504395,37.30327526,0.025346314,0.680381377,,8.719561693,3,2
6,47.98992875,8.08,4928.433269,130.0711744,1.856106332,36.53738676,0.025655939,2.147937475,,11.41819271,3,3
22,26.14214091,7.185169065,2217.117988,180.2491103,1.8,36.04181185,0.025856284,3.142134523,,11.61440186,3,3
0,20.06434713,5.325915741,2176.499033,114.4128114,2.26,48.29602787,0.019586787,0,,12.39554747,4,1
3,60.22426665,8.386203665,5558.027079,99.11032028,2.644529134,35.99675958,0.024246064,0.543793669,,7.895466406,4,2
6,47.99006619,8.090904555,5101.06383,129.3594306,2.147135286,32.3925784,0.02561142,1.50388543,,8.750821956,4,3
22,24.85258708,7.19999501,3445.841393,210.8540925,1.91,31.17616725,0.026072228,2.218401487,,9.467865808,4,3
0,19.87990918,6.133325386,2470.98646,89.14590747,2.29,47.6202439,0.020087112,0,,12.06198743,5,1
3,60.13232254,8.58620422,5304.158607,110.1423488,2.545996132,37.70874564,0.023888072,0.231467226,,8.591066588,5,2
6,50.10794155,8.298323626,5090.909091,140.0355872,2.446181818,33.38372822,0.025546673,0.957475814,,7.916055689,5,2
22,24.85272451,7.296302662,4014.50677,170.2846975,2.44,31.4915331,0.026272311,1.912610013,,7.486291198,5,3
0,19.88004662,7.651837025,2613.152805,99.82206406,2.46,40.23167247,0.020460615,0,,9.486275176,6,1
3,58.01444718,8.467663195,6522.727273,119.3950178,2.677129702,33.33867596,0.022820309,0.823504053,,7.223400151,6,2
6,50.01586001,8.024259881,4887.814313,124.3772242,1.947679446,32.79804878,0.023005383,2.239074327,,9.767721421,6,2
22,25.03688759,7.288884145,2115.5706,159.6085409,1.59,32.52773519,0.02309792,3.083584337,,11.86641246,6,3
0,30.47080292,7.845691383,637.5,261.7696265,1.796007984,44.60304444,0.209643606,0,"Li, Y., et al., A novel method for sewage sludge composting using bamboo charcoal as a separating material. Environmental Science and Pollution Research, 2019. 26(33): p. 33870-33881.",14.40518959,7,1
2,42.80656934,8.086172345,1425,345.6071683,1.708183633,44.06906514,0.211664391,0.009006125,,14.96449343,7,1
3,46.12773723,8.991983968,4237.5,388.880538,1.536926148,41.54523168,0.221215558,0.031524397,,15.6794536,7,1
6,51.48905109,8.943887776,3400,402.6408722,1.462275449,42.14115653,0.218960346,0.79532703,,16.71629398,7,2
8,45.79562044,8.647294589,2950,416.3098457,1.19001996,41.33845829,0.221998069,1.164440452,,20.14943015,7,3
10,42.04744526,8.591182365,2775,1385.310051,1.413972056,38.49390375,0.232762968,1.340549943,,15.79115396,7,3
13,40.81386861,8.527054108,2675,1156.187836,1.440319361,41.99132611,0.219527363,1.525407677,,16.91077573,7,3
16,34.2189781,8.398797595,2725,1032.327259,1.37005988,41.35148971,0.110974376,1.643109304,,17.50710552,7,3
19,32.84306569,8.342685371,2487.5,754.6327513,1.38762475,42.001146,0.1097451,1.719251499,,17.55706193,7,3
22,31.1350365,8.174348697,2200,1181.294472,1.536926148,41.89850043,0.109939326,1.758116888,,15.81277964,7,3
29,26.72262774,8.006012024,1750,976.8291183,1.277844311,41.10395454,0.111442761,1.806451488,,18.65814231,7,3
0,31.04014599,8.054108216,3312.5,205.0943378,1.971656687,39.98207923,0.282485876,0,,11.76242366,8,1
2,42.61678832,8.334669339,1787.5,175.5918439,1.769660679,39.98547604,0.282469888,0.003116447,,13.1061462,8,1
3,46.31751825,8.831663327,4025,394.274336,1.668662675,40.20200755,0.281450741,0.011566969,,13.9746818,8,1
6,50.82481752,8.903807615,5112.5,313.5817122,1.273453094,37.84257993,0.292555841,0.636984946,,17.236954,8,2
8,43.75547445,8.887775551,3625,934.4588145,1.427145709,35.80424396,0.30214966,0.962085288,,14.55220923,8,3
10,40.00729927,8.639278557,3462.5,675.5635377,1.457884232,34.51783928,0.308204371,1.183850439,,13.73356547,8,3
13,39.53284672,8.879759519,2800,624.5596431,1.317365269,38.1763942,0.29098468,1.366411836,,16.80936994,8,3
16,33.41240876,8.551102204,3062.5,665.3170784,1.343712575,36.40813589,0.149653664,1.510827241,,15.7164625,8,3
19,32.27372263,8.511022044,3450,530.6513358,1.356886228,36.03695666,0.150527177,1.598658042,,15.4052025,8,3
22,31.41970803,8.422845691,1387.5,544.4151838,1.304191617,36.63288151,0.149124759,1.658030792,,16.29267579,8,3
29,25.39416058,8.150300601,2062.5,661.086373,1.734530938,35.03248762,0.15289104,1.752846395,,11.71525282,8,3
0,30.66058394,8.22244489,2112.5,437.1822627,2.01996008,42.23886128,0.22675737,0,,12.12919989,9,1
2,41.05109489,8.078156313,862.5,369.8985857,1.69500998,42.83299508,0.224424933,0.000358364,,14.65780441,9,1
3,46.55474453,8.478957916,3012.5,591.2797337,1.897005988,41.86768205,0.228214537,0.001507929,,12.80185648,9,1
6,51.01459854,8.687374749,4737.5,302.7906023,1.413972056,41.76503648,0.228617501,0.285759043,,17.13305373,9,2
8,45.60583942,8.76753507,3675,400.1214239,1.273453094,38.92060546,0.239784104,0.655876429,,17.72798491,9,3
10,41.62043796,8.543086172,3312.5,783.5132893,1.444710579,38.1177837,0.242935803,0.785179017,,15.30416104,9,3
13,41.09854015,8.599198397,2675,351.9989068,1.35249501,40.00332476,0.235533589,0.897421624,,17.15628116,9,3
16,34.6459854,8.591182365,2575,584.3503724,1.269061876,38.98730655,0.119761125,1.004143742,,17.81981429,9,3
19,33.50729927,8.294589178,3387.5,498.2639506,1.510578842,39.69063251,0.118380574,1.074595013,,15.24078585,9,3
22,32.17883212,8.254509018,2775,503.9353447,1.646706587,39.48058583,0.118792873,1.100680612,,13.90689271,9,3
29,26.15328467,7.933867735,1700,580.1302086,1.813572854,39.65332931,0.118453796,1.153440599,,12.68257352,9,3
0,17.99136069,5.882882883,256.9269521,116.4179104,2.123281596,74.85608,0.502008032,0,"Shou, Z., et al., Buffering phosphate mitigates ammonia emission in sewage sludge composting: Enhanced organics removal coupled with microbial ammonium assimilation. Journal of Cleaner Production, 2019. 227: p. 189-198.",20.44947786,10,1
3,51.68466523,8.684684685,5788.413098,142.6865672,1.992017738,67.40594882,0.650752766,0.030105429,,19.62762552,10,2
6,54.4924406,9.162162162,6196.473552,216.7164179,1.832372506,64.74518768,0.703875885,0.78274116,,20.49540318,10,2
10,53.73650108,9.036036036,5123.425693,238.2089552,1.86075388,63.52123755,0.72831252,2.212749047,,19.80125679,10,2
14,53.19654428,9.063063063,4458.438287,312.238806,1.867849224,59.53009585,0.807997199,3.612651506,,18.48661957,10,2
19,40.66954644,9.153153153,4443.324937,469.8507463,1.843015521,58.73186751,0.823934135,4.877079533,,18.48449356,10,3
24,31.1663067,9.009009009,4428.211587,371.9402985,1.850110865,58.2529305,0.833496297,5.674873407,,18.26344761,10,3
29,20.25917927,8.882882883,4428.211587,448.358209,1.843015521,57.93363917,0.839871071,5.930769555,,18.2332697,10,3
34,19.6112311,8.792792793,4080.604534,625.0746269,1.871396896,56.28396726,0.872807405,6.066243986,,17.44542425,10,3
0,20.36717063,6.594594595,49.2813,106.8656716,2.023946785,72.39076,0.488758553,0,,20.7465929,11,1
3,50.28077754,8.234234234,5032.745592,133.1343284,2.009756098,62.87017427,0.657298785,0.014655429,,18.1452956,11,2
6,55.03239741,8.990990991,5123.425693,221.4925373,1.942350333,59.1134026,0.723803849,0.644838871,,17.65310614,11,2
10,54.16846652,8.711711712,4836.27204,211.9402985,1.992017738,56.18003294,0.775732461,1.700029751,,16.35880316,11,2
14,53.9524838,8.441441441,4337.531486,242.9850746,2.009756098,51.75424714,0.854080893,2.520733768,,14.93706871,11,2
19,43.26133909,7.963963964,4171.284635,455.5223881,2.070066519,51.44547138,0.859547063,2.989707492,,14.41536317,11,3
24,33.32613391,7.810810811,4005.037783,555.8208955,2.162305987,51.29108351,0.862280148,3.121606352,,13.75901871,11,3
29,25.22678186,7.756756757,3974.811083,577.3134328,2.123281596,50.673532,0.873212487,3.180228068,,13.84319444,11,3
34,20.79913607,7.774774775,3808.564232,620.2985075,2.141019956,50.51914412,0.875945572,3.224194354,,13.68667667,11,3
0,19.20177384,6.363636364,366.0130719,173.7193764,2.040909091,74.008891,0.506905321,0,,21.03405353,12,1
3,47.13968958,8.818181818,3947.712418,396.4365256,1.971212121,65.67653988,0.669411396,0.02044954,,19.32589616,12,1
6,53.68070953,9.272727273,5124.183007,556.7928731,1.890909091,62.47569769,0.731837511,0.77708279,,19.16475199,12,2
10,51.90687361,9.2,4248.366013,503.3407572,1.910606061,59.5796976,0.788318281,1.942706975,,18.08797221,12,2
14,48.9135255,8.818181818,3555.555556,543.4298441,1.95,55.71836416,0.863625974,2.924285236,,16.57396756,12,3
19,41.26385809,8.736363636,3411.764706,734.9665924,1.96969697,55.05787291,0.876507553,3.967212139,,16.21372306,12,3
24,30.28824834,8.618181818,2993.464052,1077.951002,1.960606061,54.29576763,0.891370914,4.458001269,,16.06343333,12,3
29,22.3059867,8.381818182,2875.816993,1443.207127,1.98030303,53.73689042,0.902270712,4.642047193,,15.73995977,12,3
34,22.86031042,8.263636364,2784.313725,1648.106904,2.010606061,53.22882023,0.912179619,4.744294929,,15.3561587,12,3
0,18.98004435,6.5,366.0130719,182.6280624,2.010606061,73.16170199,0.511974118,0,,21.1066618,13,1
3,47.58314856,8.654545455,4026.143791,409.7995546,1.959090909,64.92473234,0.669104621,0.020654025,,19.2228739,13,1
6,54.78935698,9.190909091,5019.607843,556.7928731,1.88030303,60.50489497,0.75341855,0.743545161,,18.66488867,13,2
10,52.1286031,9.018181818,4248.366013,521.1581292,1.871212121,58.89768138,0.78407816,1.838208869,,18.25735729,13,2
14,48.69179601,8.818181818,3620.915033,561.247216,1.95,55.93438132,0.840606817,2.746986288,,16.63822396,13,3
19,40.82039911,8.454545455,3333.333333,761.6926503,1.990909091,53.52356093,0.886596232,3.304645158,,15.59395613,13,3
24,33.17073171,8.236363636,2888.888889,1104.67706,2.03030303,52.71995414,0.901926038,3.655763706,,15.0618008,13,3
29,23.19290466,8.127272727,2784.313725,1501.113586,2.06969697,52.21769989,0.911507166,3.841649997,,14.63435927,13,3
34,16.98447894,8.118181818,2771.24183,1719.376392,2.089393939,52.06702362,0.914381504,3.924266126,,14.45456945,13,3
0,20.53215078,6.6,366.0130719,200.4454343,1.989393939,72.31451299,0.505903582,0,,21.0846994,14,1
3,48.24833703,8.236363636,4183.006536,467.7060134,1.93030303,62.78289755,0.68007709,0.020409127,,18.86594662,14,1
6,54.12416851,8.990909091,4692.810458,538.9755011,1.940909091,59.05961027,0.748113617,0.714319725,,17.65013864,14,2
10,52.01773836,8.718181818,4875.816993,587.9732739,1.990909091,56.03133661,0.803449992,1.775594745,,16.32459033,14,2
14,50.13303769,8.445454545,3555.555556,556.7928731,2.010606061,51.66267953,0.883279516,2.632778415,,14.90433758,14,2
19,43.2594235,7.963636364,3241.830065,752.7839644,2.040909091,51.01730974,0.895072514,3.10218852,,14.49962038,14,3
24,33.3924612,7.818181818,2784.313725,1033.407572,2.060606061,50.66980292,0.90142259,3.245052465,,14.26320029,14,3
29,25.29933481,7.754545455,2562.091503,1331.848552,2.089393939,50.17336462,0.910494127,3.30627987,,13.92886193,14,3
34,20.86474501,7.709090909,2326.797386,1728.285078,2.1,50.02443313,0.913215588,3.34709814,,13.8173774,14,3
0,19.20177384,6.690909091,366.0130719,182.6280624,1.981818182,71.46732399,0.501935908,0,,20.91733976,15,1
3,47.02882483,8.136363636,4235.294118,525.6124722,1.95,64.40236198,0.626220014,0.020249064,,19.1571069,15,1
6,52.90465632,8.918181818,4771.24183,543.4298441,1.921212121,61.80206347,0.671963469,0.546724925,,18.65908728,15,2
10,52.23946785,8.563636364,4980.392157,538.9755011,1.940909091,57.43552445,0.748777951,1.559178489,,17.1647758,15,2
14,49.46784922,8.427272727,3947.712418,592.4276169,1.971212121,52.92179872,0.828181685,2.389390412,,15.57270204,15,3
19,41.92904656,7.718181818,3738.562092,708.2405345,1.989393939,52.57836307,0.834223274,2.794371837,,15.33024194,15,3
24,33.50332594,7.654545455,2888.888889,1109.131403,2.031818182,52.28398965,0.839401778,2.915866265,,14.92610926,15,3
29,25.07760532,7.527272727,2771.24183,1510.022272,2.040909091,51.89149176,0.846306451,2.976613479,,14.74807149,15,3
34,19.53436807,7.427272727,2627.45098,1648.106904,2.08030303,51.49899387,0.853211123,2.99686255,,14.3593533,15,3
0,16.43015521,6.709090909,366.0130719,213.8084633,1.960606061,70.62013498,0.493232241,0,,20.89300658,16,1
3,46.25277162,8.045454545,4326.797386,592.4276169,1.901515152,64.31765154,0.599038991,0.019897941,,19.61973453,16,1
6,52.1286031,8.809090909,4784.313725,574.610245,1.871212121,61.50577431,0.646245079,0.537244607,,19.06582519,16,2
10,51.24168514,8.518181818,5163.398693,579.064588,1.909090909,57.28795847,0.717054212,1.492346132,,17.40601986,16,2
14,48.02660754,8.218181818,4640.522876,583.518931,1.959090909,52.58533621,0.796002325,2.288264069,,15.56943326,16,3
19,40.15521064,7.663636364,4039.215686,761.6926503,1.95,52.39141364,0.799257918,2.686223037,,15.58433388,16,3
24,32.172949,7.554545455,3281.045752,1314.03118,1.990909091,52.14901043,0.803327408,2.785712779,,15.19348427,16,3
29,26.29711752,7.463636364,2862.745098,1527.839644,2.039393939,51.95508786,0.806583001,2.825508676,,14.77711652,16,3
34,20.53215078,7.381818182,2784.313725,1657.01559,2.06969697,51.7611653,0.809838593,2.865304573,,14.5064124,16,3
1,31.08058608,7.264202492,26.5654649,43.84615385,1.869662921,76.76363636,0.11155734,0,"Pan, J., et al., Comparative evaluation of the use of acidic additives on sewage sludge composting quality improvement, nitrogen conservation, and greenhouse gas reduction. Bioresource Technology, 2018. 270: p. 467-475.",23.81524001,17,1
3,40.14652015,8.385761366,325.426945,23.84615385,1.728089888,74.61818182,0.121857626,0.205546493,,25.04615548,17,1
5,54.34065934,8.88346422,1261.859583,4.615384615,1.624719101,72.65454545,0.131285007,0.893964111,,25.93864242,17,2
10,61.57509158,8.387170283,690.7020873,2.307692308,1.657303371,69.96363636,0.144204011,1.526916803,,24.48686003,17,2
15,53.79120879,8.29775921,225.8064516,10,1.725842697,69.16363636,0.148044795,1.569331158,,23.24552441,17,2
21,41.97802198,8.235656616,92.97912713,18.46153846,1.878651685,68.76363636,0.149965188,1.585644372,,21.23123743,17,3
28,29.61538462,8.354605932,59.77229602,85.38461538,1.95505618,67.2,0.157472176,1.618270799,,19.93759501,17,3
36,25.49450549,8.202504196,26.5654649,163.8461538,1.978651685,65.6,0.165153746,1.628058728,,19.23079457,17,3
45,24.94505495,8.267620646,13.28273245,296.9230769,1.979775281,65.49090909,0.165677489,1.634584013,,19.18791828,17,3
1,31.08058608,6.757899122,26.5654649,49.23076923,1.771910112,77.85454545,0.11155734,0,,25.48619639,18,1
3,48.38827839,7.445450425,491.4611006,26.92307692,1.738202247,73.92727273,0.131340908,0.006525285,,24.6698845,18,1
5,58.18681319,8.105889271,1554.079696,24.61538462,1.747191011,71.89090909,0.141599054,0.221859706,,23.86691725,18,2
10,57.54578755,7.844663882,969.6394687,43.84615385,1.76741573,70.61818182,0.148010395,1.004893964,,23.17611058,18,2
15,56.35531136,7.827585362,511.3851992,66.15384615,1.841573034,69.63636364,0.152956287,1.15497553,,21.93359783,18,2
21,31.53846154,7.89208924,332.0683112,146.9230769,1.905617978,68.72727273,0.157535817,1.168026101,,20.91972675,18,3
28,26.86813187,8.26419024,192.5996205,233.8461538,1.951685393,67.63636364,0.163031252,1.187601958,,20.10171804,18,3
36,25.67765568,8.301961457,86.33776091,286.1538462,1.979775281,66.8,0.167244419,1.194127243,,19.57146356,18,3
45,25.03663004,8.376119476,39.84819734,370.7692308,1.991011236,66,0.171274405,1.194127243,,19.22794907,18,3
1,31.08058608,6.577055487,26.5654649,41.53846154,1.839325843,76.94545455,0.11155734,0,,24.26537656,19,1
3,54.7985348,7.020484422,571.1574953,16.92307692,1.783146067,74.43636364,0.123698439,0.013050571,,24.2136894,19,2
5,58.55311355,7.644769244,1866.223909,6.153846154,1.821348315,71.52727273,0.137775074,0.091353997,,22.77935361,19,2
10,60.01831502,7.293152665,1394.686907,52.30769231,1.853932584,68.8,0.150971921,0.691680261,,21.52569781,19,2
15,55.34798535,7.41167318,929.7912713,90.76923077,1.904494382,66.72727273,0.161001524,0.763458401,,20.3229345,19,2
21,42.43589744,7.358636659,664.1366224,127.6923077,2.003370787,66.32727273,0.162937061,0.766721044,,19.20408158,19,3
28,29.70695971,7.703612952,405.1233397,245.3846154,2.059550562,65.67272727,0.166104304,0.7862969,,18.49589419,19,3
36,25.03663004,7.895103096,199.2409867,296.1538462,2.124719101,64.87272727,0.169975379,0.789559543,,17.7101962,19,3
45,25.03663004,8.258579077,19.92409867,353.8461538,2.129213483,64.29090909,0.172790706,0.789559543,,17.51431263,19,3
1,31.08058608,6.938718253,26.5654649,48.46153846,1.804494382,76,0.11155734,0,,24.42984978,20,1
3,53.05860806,5.383972655,863.3776091,30,1.838202247,74.18181818,0.120008654,0.003262643,,23.40814071,20,2
5,59.1025641,4.670092988,1653.70019,18.46153846,1.856179775,72.87272727,0.126093599,0.07177814,,22.77234347,20,2
10,61.11721612,4.598752803,2849.14611,7.692307692,1.887640449,70.83636364,0.135559071,0.140293638,,21.76705738,20,2
15,53.42490842,5.033752741,3068.311195,5.384615385,1.964044944,69.16363636,0.143334279,0.156606852,,20.42627317,20,2
21,36.94139194,5.143452213,2756.166983,5.384615385,1.971910112,68.14545455,0.148067015,0.163132137,,20.045298,20,3
28,27.41758242,5.443232912,2218.216319,23.07692308,1.997752809,66.87272727,0.153982934,0.169657423,,19.41645873,20,3
36,25.31135531,6.032527596,1686.907021,55.38461538,2.03258427,66.10909091,0.157532486,0.172920065,,18.86580596,20,3
45,25.03663004,6.459294562,1454.459203,119.2307692,2.04494382,65.78181818,0.159053723,0.169657423,,18.65895126,20,3
1,31.08058608,6.134018598,26.5654649,55.38461538,1.807865169,74.50909091,0.11155734,0,,23.90594773,21,1
3,51.31868132,6.342378986,757.1157495,25.38461538,1.846067416,72.58181818,0.119991775,0.006525285,,22.80567993,21,2
5,59.74358974,6.577864082,1965.844402,18.46153846,1.871910112,71.81818182,0.123333721,0.022838499,,22.25420858,21,2
10,58.91941392,6.786812541,1886.148008,14.61538462,1.874157303,69.6,0.133041279,0.16639478,,21.54100386,21,2
15,53.88278388,7.077147373,1673.624288,13.84615385,1.906741573,68.76363636,0.136701505,0.182707993,,20.91846139,21,2
21,34.01098901,7.177805275,1348.197343,10,1.985393258,67.6,0.141793994,0.185970636,,19.74980862,21,3
28,26.95970696,7.152077233,962.9981025,32.30769231,2.008988764,66.07272727,0.148477886,0.189233279,,19.07688511,21,3
36,26.22710623,7.198890019,790.3225806,73.84615385,2.011235955,64.61818182,0.154843498,0.192495922,,18.63607494,21,3
45,25.03663004,7.273048038,630.9297913,145.3846154,2.039325843,63.38181818,0.160254267,0.192495922,,18.0277202,21,3
1,30.98901099,7.074341791,26.5654649,40.76923077,1.807865169,74.47272727,0.11155734,0,,23.8942806,22,1
3,46.73992674,8.033140169,106.2618596,10.76923077,1.871910112,70.4,0.129355662,0.029363785,,21.81475839,22,1
5,59.83516484,8.530843022,166.0341556,5.384615385,1.931460674,68.87272727,0.136030033,0.137030995,,20.68350565,22,2
10,58.55311355,7.826592995,126.1859583,13.07692308,1.994382022,67.81818182,0.140638527,0.287112561,,19.72425144,22,2
15,54.52380952,7.927054874,86.33776091,22.30769231,2.020224719,66.65454545,0.145723762,0.326264274,,19.13783601,22,2
21,34.74358974,8.072920623,39.84819734,39.23076923,2.026966292,64.76363636,0.153987268,0.33278956,,18.53307305,22,3
28,26.22710623,8.128566703,26.5654649,76.92307692,2.03258427,64,0.157324454,0.345840131,,18.26392656,22,3
36,25.58608059,8.130159391,13.28273245,176.1538462,2.065168539,63.34545455,0.160184898,0.345840131,,17.79191499,22,3
45,25.12820513,8.131984857,13.28273245,246.1538462,2.085393258,62.83636364,0.162409689,0.345840131,,17.47776186,22,3
1,30.98901099,6.703637455,26.5654649,40.76923077,1.771910112,73.30909091,0.11155734,0,,23.99821201,23,1
3,49.76190476,7.119953935,723.9089184,10.76923077,1.761797753,70.90909091,0.121588381,0.006525285,,23.3457916,23,1
5,57.36263736,7.445854722,2138.519924,4.615384615,1.825842697,68.83636364,0.130251554,0.07177814,,21.86841465,23,2
10,62.94871795,6.868198915,1859.582543,23.07692308,1.951685393,67.23636364,0.136938915,0.60685155,,19.98283692,23,2
15,57.36263736,6.389975865,1434.535104,41.53846154,1.988764045,64.90909091,0.146665985,0.649265905,,18.93149911,23,2
21,42.25274725,6.572020141,1255.218216,72.30769231,2.008988764,62.87272727,0.155177172,0.659053834,,18.15296332,23,3
28,26.86813187,6.907954866,1089.184061,109.2307692,2.019101124,61.23636364,0.162016518,0.672104405,,17.59195322,23,3
36,26.22710623,7.180819132,883.3017078,127.6923077,2.028089888,60.36363636,0.16566417,0.672104405,,17.26437788,23,3
45,25.03663004,7.381546868,697.3434535,176.9230769,2.040449438,60.14545455,0.166576083,0.675367047,,17.09777952,23,3
0,30.0130662,6.249558304,955.3398058,589.9805447,1.908560311,69.56699346,0.085251492,0,"Zhao, Y., et al., Effect of enriched thermotolerant nitrifying bacteria inoculation on reducing nitrogen loss during sewage sludge composting. Bioresource Technology, 2020. 311: p. 123461.",15.74509804,24,1
3,49.22038328,6.772084806,2178.640777,619.1634241,1.680933852,63.04738562,0.103514765,0.056173464,,16.5,24,1
7,52.29094077,8.534893993,4578.640777,619.1634241,1.791828794,53.65604575,0.129822574,0.227998176,,13.59477124,24,2
10,50.20034843,8.506183746,3413.592233,706.7120623,1.972762646,44.96323529,0.154173604,0.302345407,,11.28431373,24,2
13,47.32578397,8.253533569,2796.116505,942.6070039,2.054474708,42.79003268,0.160261362,0.3320843,,10.32352941,24,3
17,38.7674216,8.161660777,1957.281553,1061.770428,2.159533074,37.43464052,0.175263336,0.338692943,,8.767973856,24,3
20,31.84233449,7.891784452,1234.951456,1239.299611,2.276264591,34.64052288,0.183090453,0.345301585,,7.784313725,24,3
0,30.07839721,6.416077739,897.0873786,560.7976654,1.89688716,69.56699346,0.085070183,0,,15.99673203,25,1
3,57.45209059,5.973939929,2400,738.3268482,1.575875486,62.58169935,0.104596359,0.03791888,,16.08823529,25,2
7,55.23083624,8.270759717,4077.669903,945.0389105,1.96692607,45.73937908,0.15167614,0.161567402,,10.9869281,25,2
10,52.09494774,8.161660777,3122.330097,1061.770428,2.177042802,39.84068627,0.168164911,0.212675457,,9.111111111,25,2
13,48.89372822,8.23630742,2563.106796,1032.587549,2.206225681,42.24673203,0.161439228,0.229161927,,8.973856209,25,3
17,39.42073171,8.092756184,1561.165049,1149.319066,2.340466926,32.85539216,0.187691087,0.237405162,,7.441176471,25,3
20,32.56097561,8.02959364,955.3398058,1472.762646,2.515564202,32.46732026,0.188775875,0.242351102,,6.663398693,25,3
0,38.44416562,7.218204489,1914.0625,768.8976378,2.637141112,66.45454545,0.048549581,0,"Zhao, Y., et al., Impacts of adding thermotolerant nitrifying bacteria on nitrogenous gas emissions and bacterial community structure during sewage sludge composting. Bioresource Technology, 2023. 368: p. 128359.",14.61685912,26,1
4,54.69259724,7.940149626,2179.6875,761.8110236,2.521686011,61.27272727,0.05604911,0.001203211,,14.09415167,26,2
8,58.58218319,9.028678304,2453.125,790.1574803,2.316432498,55.81818182,0.063943351,0.09685852,,13.9771548,26,2
13,48.85821832,8.635910224,2265.625,861.023622,2.076359194,52.72727273,0.068416754,0.252072795,,14.7297563,26,3
17,39.88707654,8.198254364,2156.25,921.2598425,1.938912645,51.63636364,0.069995602,0.282754686,,15.44756908,26,3
21,37.18946048,7.947630923,1750,1048.818898,2.167990226,49.27272727,0.07341644,0.300802858,,13.18293224,26,3
25,30.47678795,7.21446384,1421.875,1183.464567,2.307269395,47.36363636,0.076179424,0.312834972,,11.90719514,26,3
0,39.44792974,7.315461347,1929.6875,783.0708661,2.666463042,68.27272727,0.048549581,0,,14.85164028,27,1
4,59.1468005,7.891521197,2257.8125,775.984252,2.543677459,62.18181818,0.057869988,0.001203211,,14.17960437,27,2
8,59.83688833,8.729426434,3164.0625,864.5669291,2.415394013,53.81818182,0.070668158,0.068583052,,12.92420311,27,2
13,50.42659975,8.385286783,2546.875,967.3228346,2.153329261,47.18181818,0.080823228,0.162433543,,12.70945621,27,2
17,39.88707654,8.228179551,2054.6875,1094.88189,2.098350641,45.63636364,0.083188107,0.188904195,,12.61524556,27,3
21,36.75031368,7.869077307,1484.375,1279.133858,2.323762981,44,0.085692097,0.204545943,,10.98306582,27,3
25,30.03764115,7.420199501,1156.25,1474.015748,2.505192425,44,0.085692097,0.212366818,,10.18765725,27,3
0,38.55024712,7.113367174,1854.166667,38.47487002,2.193133201,59.34615385,0.2,0,"Li, Y.B., et al., Effects of chemical additives on emissions of ammonia and greenhouse gas during sewage sludge composting. Process Safety and Environmental Protection, 2020. 143: p. 129-137.",15.6960476,28,1
4,50.08237232,8.906937394,9458.333333,496.0138648,1.912101386,59.84615385,0.197540208,0.01924812,,18.15465778,28,2
6,52.04283361,8.983079526,7979.166667,449.220104,1.70117201,57.15384615,0.210785241,0.037894737,,19.48767245,28,2
8,46.73805601,8.72927242,5666.666667,466.897747,1.780618346,53.19230769,0.230274361,0.125353383,,17.32769229,28,3
14,38.20428336,8.297800338,4604.166667,496.0138648,2.019244244,52.73076923,0.232544939,0.37606015,,15.14739644,28,3
23,26.15321252,8.060913706,3812.5,424.2634315,2.421890629,52.42307692,0.234058657,0.55687218,,12.55540481,28,3
0,37.68533773,6.673434856,1895.833333,102.9462738,2.223687485,58.57692308,0.2,0,,15.27972514,29,1
4,51.5815486,8.492385787,10479.16667,429.4627383,2.04741056,58.38461538,0.200928505,0.01912782,,16.54078906,29,2
6,54.98352554,8.433164129,9833.333333,210.0519931,1.918326628,54.84615385,0.218012999,0.045112782,,16.58388818,29,2
8,51.00494234,8.187817259,9895.833333,202.7729636,2.008670154,54.69230769,0.218755803,0.098406015,,15.79357185,29,2
14,41.02965404,7.824027073,10104.16667,176.7764298,2.252499072,52.73076923,0.228226555,0.171669173,,13.57882604,29,3
23,27.24876442,7.671742809,9625,160.1386482,2.467799579,51.38461538,0.234726091,0.242766917,,12.07774797,29,3
0,36.93574959,4.795262267,1875,38.47487002,2.147597487,58.23076923,0.2,0,,15.72759723,30,1
4,52.56177924,7.054145516,8062.5,219.4107452,2.114798217,57.11538462,0.2053407,0.001684211,,15.6655955,30,2
6,55.44481054,7.942470389,10333.33333,190.2946274,2.028850891,50.88461538,0.235174954,0.002526316,,14.54785972,30,2
8,49.79406919,8.001692047,11458.33333,145.5805893,2.027058059,53.03846154,0.224861878,0.005533835,,15.17705363,30,3
14,40.39538715,7.866328257,12395.83333,57.19237435,2.315540666,51.30769231,0.233149171,0.036210526,,12.85265374,30,3
23,26.67215815,7.58714044,11312.5,66.55112652,2.549512256,50.42307692,0.237384899,0.09275188,,11.47189011,30,3
0,38.65035784,7.583677686,1122.589532,20.66115702,1.715820896,64.31724138,0.132575004,0,"Jiang, J., et al., Evaluation of total greenhouse gas emissions during sewage sludge composting by the different dicyandiamide added forms: Mixing, surface broadcasting, and their combination. Waste Management, 2018. 81: p. 94-103.",21.74293637,31,1
3,49.52602472,7.940082645,2093.663912,35.53719008,1.624477612,59.02068966,0.152253706,0.190299049,,21.0743063,31,1
6,53.78093689,8.539256198,3395.316804,97.52066116,1.785671642,52.0137931,0.178286988,1.014928263,,16.89583512,31,2
9,52.07709824,8.420454545,2706.61157,127.2727273,2.120597015,43.57241379,0.209649919,1.826870873,,11.91835212,31,2
12,48.49759271,8.296487603,2107.438017,390.0826446,2.231641791,41.42068966,0.217644392,2.327991702,,10.76602982,31,3
16,42.27195836,8.337809917,1198.347107,590.9090909,2.27641791,38.55172414,0.228303689,2.600753673,,9.823235374,31,3
22,26.89206246,8.188016529,413.2231405,841.322314,2.303283582,35.62758621,0.239167972,2.708589801,,8.972257438,31,3
0,38.65029278,7.547520661,1219.008264,42.97520661,1.787462687,63.76551724,0.132575004,0,,20.69243696,32,1
3,47.87085231,8.415289256,2892.561983,33.05785124,1.497313433,62.44137931,0.13741977,0.399628003,,24.18925571,32,1
6,51.40845804,8.926652893,4194.214876,50.41322314,1.714029851,56.42758621,0.159423082,1.484332584,,19.09571087,32,2
9,52.68405986,8.751033058,3498.62259,70.24793388,2.029253731,47.71034483,0.191317792,2.58806707,,13.63763117,32,2
12,50.37338972,8.539256198,2885.674931,209.0909091,2.109850746,38.44137931,0.225231154,3.222397234,,10.56841763,32,2
16,43.20988939,8.487603306,1198.347107,340.4958678,2.199402985,36.06896552,0.23391136,3.514189109,,9.51243309,32,3
22,27.33337671,8.239669421,702.4793388,670.2479339,2.267462687,34.91034483,0.238150531,3.577622126,,8.930519602,32,3
0,38.59518543,7.490702479,1143.250689,30.5785124,1.706865672,64.31724138,0.132575004,0,,21.85701264,33,1
3,49.47085231,8.095041322,2293.38843,50.41322314,1.631641791,59.95862069,0.148768936,0.260075367,,21.31520686,33,1
6,53.06369551,8.616735537,3498.62259,112.3966942,1.774925373,51.1862069,0.181361786,1.135450994,,16.72767525,33,2
9,50.97371503,8.477272727,3099.173554,152.0661157,2.079402985,44.0137931,0.208010028,1.928363699,,12.27758284,33,2
12,48.16655823,8.32231405,1900.826446,323.1404959,2.167164179,40.97931034,0.219284284,2.359708211,,10.96820528,33,3
16,43.09954457,8.337809917,1398.071625,491.7355372,2.240597015,37.44827586,0.232403418,2.569037165,,9.694620494,33,3
22,26.83689005,8.17768595,454.5454545,789.2561983,2.287164179,36.4,0.236298161,2.689559896,,9.231383251,33,3
0,38.42973325,7.506198347,1253.443526,40.49586777,1.757014925,63.71034483,0.132575004,0,,21.03280733,34,1
3,48.47774886,8.291322314,2692.837466,50.41322314,1.536716418,62.77241379,0.136001496,0.336194987,,23.69397011,34,1
6,51.90507482,8.797520661,3898.071625,40.49586777,1.719402985,53.6137931,0.169460182,1.262317027,,18.08679417,34,2
9,53.07033182,8.678719008,3002.754821,109.9173554,2.079402985,45.00689655,0.200903284,2.131349352,,12.55460758,34,2
12,50.64931685,8.487603306,2396.694215,290.9090909,2.228059701,37.44827586,0.228516778,2.55000726,,9.749172217,34,2
16,41.00292778,8.404958678,1095.041322,541.322314,2.288955224,35.29655172,0.236377554,2.746649611,,8.944534029,34,3
22,26.0093689,8.239669421,399.4490358,769.4214876,2.348059701,34.57931034,0.238997812,2.848142437,,8.542203844,34,3
0,45.29695024,6.720848057,595.6241956,77.41935484,1.808798646,57.90039063,0.132575004,0,"Jiang, J., et al., Effects of urease inhibitors on enzymatic activities and fungal communities  during the biosolids composting. RSC Adv, 2021. 11(60): p. 37667-37676.",18.5675246,35,1
4,54.92776886,8.390459364,1507.279601,163.8709677,1.358714044,45.44921875,0.17178473,0.258382839,,19.40265209,35,2
8,46.96629213,8.456713781,1064.792471,85.16129032,1.247038917,41.4453125,0.184393348,1.079671149,,19.27783018,35,3
12,37.2070626,8.116607774,693.1225869,120,1.82571912,40.32226563,0.187929912,1.605664785,,12.81072478,35,3
16,30.20866774,7.988515901,588.1193694,157.4193548,2.03891709,39.78515625,0.189621312,1.744084163,,11.31837921,35,3
20,27.19101124,8.165194346,303.9655727,189.6774194,2.177664975,37.97851563,0.195310566,1.808679873,,10.11601953,35,3
0,42.3434992,6.716431095,466.457529,70.96774194,1.83248731,57.16796875,0.132575004,0,,18.09566402,36,1
4,52.74478331,8.399293286,1073.954311,105.8064516,1.551607445,48.8671875,0.158267834,0.198401109,,18.26830392,36,2
8,45.61797753,8.399293286,756.451094,82.58064516,1.358714044,44.5703125,0.171567652,0.752078621,,19.02743965,36,3
12,36.37239165,8.090106007,618.1306306,122.5806452,1.338409475,42.86132813,0.176857353,1.222704506,,18.57545071,36,3
16,29.75922953,7.913427562,688.1274131,212.9032258,2.448392555,38.95507813,0.188948096,1.342667967,,9.228811339,36,3
20,27.19101124,8.050353357,374.7828185,291.6129032,2.377326565,37.24609375,0.194237797,1.467245407,,9.087713505,36,3
0,41.76565008,6.716431095,174.7908623,73.5483871,1.873096447,57.75390625,0.132575004,0,,17.88479482,37,1
4,54.09309791,8.368374558,1203.120978,96.77419355,1.494077834,49.40429688,0.158777415,0.221471005,,19.1802489,37,2
8,46.51685393,8.408127208,710.6177606,110.9677419,1.470389171,45.44921875,0.171189083,0.682868932,,17.92903295,37,3
12,37.2070626,7.992932862,588.9559202,121.2903226,1.642978003,41.54296875,0.183447521,1.121196962,,14.66656862,37,3
16,30.14446228,7.838339223,742.286036,189.6774194,2.556683587,38.7109375,0.192334888,1.241160423,,8.782526001,37,3
20,27.44783307,8.015017668,374.798906,268.3870968,2.485617597,36.26953125,0.199996411,1.333440009,,8.463896936,37,3
0,45.2293578,6.726605505,592.1568627,77.32463295,1.8,57.96330275,0.132575004,0,Effects of agricultural nitrogen fertilizer synergists on nitrogen transformation and microbial community during the sewage sludge composting(CNKI),18.6785585,38,1
4,54.9266055,8.394495413,1513.72549,163.4584013,1.352941176,45.48623853,0.171925071,0.260873396,,19.5013128,38,2
8,47.02752294,8.460550459,1070.588235,84.17618271,1.247058824,41.52293578,0.184424504,1.077706487,,19.31362749,38,3
12,37.20183486,8.119266055,690.1960784,119.4127243,1.823529412,40.34862385,0.188128039,1.608006504,,12.83449228,38,3
16,30.13761468,7.99266055,592.1568627,156.6068515,2.02745098,39.76146789,0.189979807,1.744858121,,11.37561237,38,3
20,27.24770642,8.163302752,309.8039216,187.4388254,2.168627451,38.0733945,0.19530364,1.809007317,,10.18355437,38,3
0,41.88990826,6.732110092,164.7058824,72.43066884,1.870588235,57.88990826,0.132575004,0,,17.95094851,39,1
4,54.09174312,8.262385321,1207.843137,96.9004894,1.48627451,49.44954128,0.159147772,0.218107265,,19.29860762,39,2
8,46.64220183,8.411009174,709.8039216,110.1141925,1.462745098,45.48623853,0.171625419,0.684258087,,18.03740728,39,3
12,37.26605505,7.998165138,588.2352941,120.3915171,1.639215686,41.59633028,0.183871999,1.12474923,,14.71911353,39,3
16,30.13761468,7.844036697,745.0980392,189.3964111,2.556862745,38.73394495,0.192883633,1.248771008,,8.787130054,39,3
20,27.37614679,8.020183486,392.1568627,268.6786297,2.478431373,36.31192661,0.200508862,1.330026656,,8.498360161,39,3
0,41.11926606,6.56146789,168.627451,36.21533442,1.862745098,57.81651376,0.132575004,0,,18.00367689,40,1
4,53.44954128,8.064220183,968.627451,43.06688418,1.556862745,52.67889908,0.14872159,0.158234683,,19.62678217,40,2
8,48.88990826,8.152293578,866.6666667,46.00326264,1.588235294,47.83486239,0.163945514,0.598725826,,17.46998068,40,3
12,42.46788991,8.102752294,760.7843137,90.04893964,1.721568627,43.57798165,0.177324114,0.992174226,,14.68268597,40,3
16,32.25688073,8.196330275,796.0784314,135.5628059,2.780392157,38.51376147,0.193240034,1.261600847,,8.034754658,40,3
20,27.18348624,8.32293578,545.0980392,223.1647635,2.666666667,37.26605505,0.197161348,1.372792787,,8.106015454,40,3
0,7.816793893,7.809154807,2621.212121,335.8511113,2.779878971,50.62290909,0.2,0,"Yuan, J., et al., Effects of phosphogypsum, superphosphate, and dicyandiamide on gaseous emission and compost quality during sewage sludge composting. Bioresource Technology, 2018. 270: p. 368-376.",10.56291899,41,1
4,31.63358779,7.657498419,2045.454545,175.1481798,2.360060514,47.11221818,0.214219918,0.005692251,,11.57905594,41,1
5,41.89312977,7.611559433,1939.393939,132.7004173,2.253403933,46.2032,0.217901861,0.005836525,,11.8931185,41,1
6,61.3129771,7.57478625,1772.727273,90.25630906,2.153555219,45.35687273,0.221329877,0.005980798,,12.21658524,41,2
7,72.0610687,7.542598719,1681.818182,44.7791737,2.049167927,44.4792,0.224884856,0.342866324,,12.59047619,41,2
8,64,7.684451491,2348.484848,90.08090508,2.033282905,43.97767273,0.226916273,0.853208121,,12.54576569,41,2
9,54.47328244,7.844619374,3090.909091,126.3018264,2.019667171,43.38210909,0.229328581,1.608460994,,12.4592986,41,2
10,43.35877863,7.99563795,3787.878788,162.5227477,2.006051437,42.81789091,0.231613925,1.863707308,,12.38072124,41,3
14,19.66412214,8.595115603,6696.969697,331.6194903,1.947049924,40.59236364,0.240628337,2.088780757,,12.09288691,41,3
21,33.83206107,8.58503157,6439.393939,340.093695,2.031013616,39.36989091,0.245579916,2.161232359,,11.24382597,41,3
28,20.51908397,7.494048001,2909.090909,1567.928844,2.189863843,37.61454545,0.252689875,2.192867635,,9.963259538,41,3
34,12.94656489,7.342127691,2454.545455,1854.853209,2.180786687,37.11301818,0.254721291,2.198841876,,9.871333523,41,3
0,7.816793893,7.575567021,1651.515152,357.0311415,2.598335855,50.62290909,0.2,0,,11.30093953,42,1
4,58.50381679,7.382683761,2212.121212,193.2988372,2.214826021,47.86450909,0.211172793,0.005685693,,12.53535768,42,2
5,71.57251908,7.336750273,2333.333333,150.854729,2.114977307,47.26894545,0.2135851,0.781340171,,12.96381844,42,2
6,64.24427481,7.28624213,2469.69697,108.4069665,2.024205749,46.57934545,0.216378298,1.255987356,,13.34754722,42,2
7,54.59541985,7.240308643,2636.363636,72.01064117,1.931164902,45.92109091,0.219044533,1.470417344,,13.79289962,42,2
8,41.03816794,7.345520193,3303.030303,108.2352167,1.937972769,45.45090909,0.220948986,1.4807657,,13.60371869,42,3
9,48.73282443,7.455311896,3954.545455,150.5075753,1.947049924,44.98072727,0.22285344,1.613563034,,13.40022604,42,3
10,49.95419847,7.565103599,4606.060606,195.8056524,1.958396369,44.4792,0.224884856,1.685142437,,13.17404403,42,3
14,30.77862595,7.999690258,7393.939394,367.9281136,2.001512859,42.53578182,0.232756597,1.808168512,,12.3270391,42,3
21,23.20610687,7.549922564,5833.333333,615.4340883,2.099092284,41.0312,0.238850847,1.834708305,,11.33823423,42,3
28,15.38931298,7.182597619,3454.545455,1573.976627,2.307866868,38.49221818,0.249134895,1.840826819,,9.674419713,42,3
34,14.90076336,7.12684402,3242.424242,1637.005123,2.301059002,37.99069091,0.251166312,1.841705577,,9.576618254,42,3
0,7.816793893,7.781673891,2242.424242,332.8253926,2.680030257,50.40349091,0.2,0,,10.90896775,43,1
4,44.33587786,7.50176773,2878.787879,184.2216814,2.2397882,48.14661818,0.209100934,0.005705367,,12.46871143,43,1
5,68.15267176,7.428353326,3060.606061,150.8510747,2.128593041,47.51970909,0.211628971,0.2099116,,12.94922789,43,2
6,70.47328244,7.359519075,3212.121212,117.4841223,2.019667171,47.01818182,0.213651401,0.715164472,,13.50357508,43,2
7,60.33587786,7.281530017,3363.636364,78.06207839,1.908472012,46.42261818,0.216053036,0.909192855,,14.10933593,43,2
8,46.90076336,7.423382788,3848.484848,108.2315625,1.928895613,46.10916364,0.217317055,0.929745291,,13.86568271,43,3
9,49.95419847,7.560655407,4348.484848,138.4047008,1.949319213,45.76436364,0.218707475,1.0217263,,13.61780788,43,3
10,48,7.702508179,4848.484848,171.6035578,1.969742814,45.35687273,0.220350699,1.098407744,,13.3566122,43,3
14,27.96946565,8.247024,6787.878788,292.2851484,2.049167927,44.04036364,0.225659577,1.267352185,,12.46625726,43,3
21,22.22900763,7.975876763,6242.424242,373.3765996,2.264750378,41.62676364,0.23539252,1.298994019,,10.66141981,43,3
28,15.75572519,7.503208306,4484.848485,1223.000577,2.366868381,40.81178182,0.238678969,1.320418656,,10.00170836,43,3
34,14.90076336,7.484095928,3909.090909,1458.484071,2.407715582,39.77738182,0.24285023,1.40802555,,9.582829235,43,3
0,7.816793893,7.754203972,2136.363636,347.9539857,2.680030257,51.75134545,0.2,0,,11.20068766,44,1
4,57.64885496,7.488027272,2803.030303,187.2474,2.421331316,48.64814545,0.212863364,0.005672578,,11.65399449,44,2
5,72.54961832,7.419193021,2984.848485,147.8253561,2.350983359,47.86450909,0.216111688,1.220122239,,11.80937171,44,2
6,60.82442748,7.354938922,3151.515152,111.4326851,2.280635401,47.11221818,0.219230079,2.09272205,,11.98230665,44,2
7,48.61068702,7.290690322,3333.333333,75.04366828,2.214826021,46.32858182,0.222478404,2.322451603,,12.13310979,44,3
8,38.59541985,7.386741567,3909.090909,102.1837795,2.19667171,45.92109091,0.224167532,2.353214679,,12.12578262,44,3
9,35.66412214,7.487372964,4545.454545,135.3789822,2.169440242,45.45090909,0.226116527,2.383971198,,12.1522759,44,3
10,28.94656489,7.592584515,5106.060606,168.5741849,2.15128593,45.01207273,0.227935588,2.440244478,,12.13650428,44,3
14,18.19847328,7.985955298,7545.454545,298.3402399,2.058245083,43.19403636,0.2354717,2.56327711,,12.17277071,44,3
21,22.22900763,7.957556152,7530.30303,294.7079158,2.198940998,41.47003636,0.242618014,2.60510991,,10.93915001,44,3
28,16.24427481,7.860460215,7575.757576,348.5605911,2.267019667,39.3072,0.251583388,2.621439064,,10.05725726,44,3
34,14.53435115,7.836767684,7803.030303,275.4244411,2.2397882,38.24145455,0.256001109,2.632521903,,9.903533818,44,3
0,7.816793893,7.690070837,1606.060606,369.1340159,2.680030257,52.44094545,0.2,0,,11.3499397,45,1
4,49.09923664,7.442225745,2469.69697,193.3024915,2.516641452,49.24370909,0.213445332,0.005711925,,11.349903,45,1
5,70.35114504,7.377971647,2681.818182,147.8290104,2.47806354,48.39738182,0.21700439,0.694618593,,11.32849373,45,2
6,60.45801527,7.318297701,2893.939394,105.3812479,2.439485628,47.5824,0.220431632,1.358034731,,11.31386047,45,2
7,48.48854962,7.24946345,3075.757576,59.90776674,2.398638427,46.76741818,0.223858873,1.552076229,,11.3094464,45,3
8,36.64122137,7.400476526,3666.666667,96.1323423,2.366868381,46.548,0.224781592,1.572608992,,11.40747843,45,3
9,41.16030534,7.551495102,4257.575758,129.327545,2.337367625,46.35992727,0.225572494,1.572753266,,11.50478376,45,3
10,45.55725191,7.693347874,4878.787879,162.526402,2.30332829,46.10916364,0.22662703,1.623917948,,11.61165547,45,3
14,33.46564885,8.29740568,7181.818182,292.2741857,2.176248109,45.32552727,0.229922454,1.818372593,,12.08084179,45,3
21,21.98473282,8.255266076,7469.69697,312.8585732,2.339636914,43.25672727,0.238622375,1.870422591,,10.72427476,45,3
28,16.24427481,8.272668457,7257.575758,288.0498732,2.398638427,41.97156364,0.244026871,1.912255391,,10.14969754,45,3
34,14.90076336,8.226091658,7424.242424,305.6852814,2.468986384,41.25061818,0.247058662,1.928433713,,9.691131907,45,3
1,25.93951094,7.042402827,22.52252252,39.20308483,1.864151969,78.14249364,0.35,0.00098602,"Li, R., et al., Sulfur-aided composting facilitates ammonia release mitigation, endocrine disrupting chemicals degradation and biosolids stabilization. Bioresource Technology, 2020. 312: p. 123653.",24.06584849,46,1
3,48.07593308,8.643109541,328.8288288,25.06426735,1.734166658,75.49618321,0.392374854,0.542355689,,25.34239284,46,1
6,55.47619048,9.300353357,1009.009009,4.498714653,1.625546397,72.79898219,0.43556461,2.253963351,,26.00492032,46,2
10,55.7979408,9.236749117,887.3873874,23.77892031,1.639057429,71.043257,0.463678696,3.7722577,,25.19309223,46,2
18,41.51222651,8.918727915,229.7297297,43.05912596,1.730174638,69.56743003,0.696158324,4.529388164,,23.41562583,46,3
26,34.75546976,8.473498233,99.0990991,73.26478149,1.883774355,67.81170483,0.736321304,4.589922167,,21.03895989,46,3
34,35.84942085,8.261484099,63.06306306,156.8123393,1.933827952,66.51399491,0.766006985,4.596924544,,20.16818464,46,3
42,34.56241956,8.441696113,40.54054054,266.066838,1.992243749,65.90330789,0.779976717,4.596924544,,19.43556479,46,3
50,35.84942085,8.473498233,22.52252252,466.5809769,2.014611766,65.59796438,0.786961583,4.596924544,,19.24065261,46,3
1,25.93951094,6.851590106,22.52252252,39.20308483,1.860677065,77.48091603,0.35,0.000990378,,24.06591292,47,1
3,52.9021879,6.247349823,500,12.21079692,1.816278995,74.93638677,0.389548023,0.171703676,,23.06838515,47,2
6,61.97554698,5.908127208,1459.459459,5.784061697,1.838802344,71.67938931,0.440169492,0.707509142,,22.40952979,47,2
10,61.13899614,6.247349823,1675.675676,12.85347044,1.89394944,69.6692112,0.471412429,1.285773392,,21.25964132,47,2
18,43.31402831,6.533568905,1229.72973,23.13624679,1.952892775,67.04834606,0.731638418,1.743294315,,20.17362839,47,3
26,32.95366795,6.96819788,346.8468468,39.20308483,2.004306409,65.77608142,0.759887006,1.838839111,,19.59472213,47,3
34,34.69111969,7.477031802,207.2072072,77.76349614,2.046386388,64.1221374,0.79661017,1.848928112,,18.93892687,47,3
42,35.72072072,7.784452297,103.6036036,197.9434447,2.097786622,62.67175573,0.828813559,1.848928112,,18.51360536,47,3
50,35.84942085,7.975265018,49.54954955,398.4575835,2.172278191,62.23918575,0.838418079,1.848928112,,18.28805998,47,3
1,25.93951094,7.053003534,22.52252252,39.20308483,1.860677065,77.04834606,0.35,0.000983841,,24.06594513,48,1
3,53.03088803,5.717314488,594.5945946,12.21079692,1.890410269,73.74045802,0.400443459,0.076969486,,22.31553644,48,2
6,60.43114543,5.399293286,1504.504505,5.141388175,1.939510278,70.71246819,0.446618625,0.434656153,,21.33401783,48,2
10,60.94594595,5.643109541,1945.945946,4.498714653,1.988094659,68.11704835,0.486197339,0.830685379,,20.42996803,48,2
18,38.80952381,5.780918728,1878.378378,9.640102828,2.043048952,65.80152672,0.745011087,1.148182741,,19.20563863,48,3
26,38.42342342,5.961130742,950.4504505,19.28020566,2.099611418,64.04580153,0.783259424,1.24271101,,18.288672,48,3
34,35.59202059,6.268551237,477.4774775,109.2544987,2.186215025,62.08651399,0.825942351,1.25177041,,17.72506624,48,3
42,33.91891892,6.893992933,346.8468468,179.3059126,2.26619314,61.0178117,0.849223947,1.25177041,,16.96174877,48,3
50,35.46332046,7.180212014,211.7117117,328.4061697,2.313535598,60.40712468,0.862527716,1.25177041,,16.72087068,48,3
1,25.93951094,6.90459364,22.52252252,37.27506427,1.852376155,76.5394402,0.35,0.000988199,,24.06578407,49,1
3,46.4028314,5.4204947,828.8288288,25.06426735,1.870846195,74.02035623,0.387581345,0.037849005,,22.51528036,49,1
6,60.81724582,4.67844523,1644.144144,19.28020566,1.922391341,71.67938931,0.422505423,0.225647144,,21.38011258,49,2
10,56.50579151,4.869257951,2626.126126,16.70951157,1.966149716,70.3307888,0.442624729,0.443553213,,20.26088952,49,2
18,37.32947233,5.229681979,2513.513514,14.781491,2.03198008,68.42239186,0.672993492,0.592187289,,19.20567085,49,3
26,34.69111969,5.144876325,1581.081081,11.56812339,2.054824766,66.28498728,0.718546638,0.598818138,,18.28870421,49,3
34,36.68597169,5.431095406,1400.900901,64.26735219,2.102951832,65.47073791,0.735900217,0.598818138,,17.72509845,49,3
42,35.01287001,6.014134276,945.9459459,133.6760925,2.16433286,64.19847328,0.763015184,0.598818138,,17.08473252,49,3
50,35.84942085,6.247349823,837.8378378,225.5784062,2.187422705,63.86768448,0.770065076,0.598818138,,16.90524968,49,3
1,25.93951094,6.915194346,22.52252252,39.20308483,1.84561915,75.72519084,0.35,0.000981662,,24.06597734,50,1
3,35.52767053,5.134275618,1157.657658,29.56298201,1.873612669,74.02035623,0.374580713,0.015191246,,22.05430065,50,1
6,59.07979408,4.265017668,1941.441441,19.28020566,1.902700221,72.79898219,0.392190776,0.122680504,,21.05744933,50,2
10,54.8970399,4.265017668,3157.657658,8.997429306,1.94800399,70.3562341,0.427410901,0.229389662,,19.99971815,50,2
18,39.32432432,4.625441696,3139.63964,7.06940874,1.996459837,69.16030534,0.635220126,0.290505471,,19.29786035,50,3
26,34.62676963,4.83745583,2752.252252,5.784061697,2.02413053,67.63358779,0.666666667,0.292811996,,18.58060542,50,3
34,35.59202059,5.208480565,2216.216216,44.98714653,2.061641572,66.10687023,0.698113208,0.292811996,,17.69440082,50,3
42,35.97812098,5.113074205,1684.684685,74.55012853,2.122512928,65.31806616,0.714360587,0.292811996,,17.31514185,50,3
50,36.17117117,5.335689046,1450.45045,179.3059126,2.157312831,64.88549618,0.72327044,0.292811996,,17.07426376,50,3
0,40,7.590825688,846.1538462,140.9903714,2.940302613,50.91847043,0.016573853,0,"Jiang, J., et al., Removal of artificial sweeteners in wastewater treatment plants and their degradation during sewage sludge composting with micro- and nano-sized kaolin. Bioresource Technology, 2024. 406: p. 131060.",10.04491018,51,1
4,50,8.260183486,2019.230769,61.76066025,2.582118294,47.2333315,0.017818251,0.029767361,,10.6104837,51,2
8,48,8.389357798,3269.230769,67.53782669,2.370288858,45.93855296,0.018255472,0.391936915,,11.24187558,51,3
12,40,8.453944954,3294.871795,40.30261348,2.170013755,44.84297111,0.018625428,1.324647548,,11.98656187,51,3
18,28,8.459816514,2455.128205,244.9793673,1.962035763,43.41539477,0.019107492,2.048986657,,12.83510937,51,3
24,24,8.339449541,2256.410256,250.7565337,1.759834938,42.12061623,0.019544713,2.272241862,,13.88307019,51,3
0,40,7.590825688,846.1538462,145.1169188,2.940302613,50.91847043,0.016573853,0,,10.04491018,52,1
4,50,8.621284404,2903.846154,235.0756534,2.691884457,45.73935626,0.018322736,0.133953123,,9.855901891,52,2
8,48,8.612477064,2942.307692,143.4662999,2.435763411,43.94658597,0.018928119,0.649920707,,10.46532641,52,3
12,40,8.606605505,2961.538462,181.4305365,2.191196699,42.22021458,0.01951108,1.101392343,,11.17639674,52,3
18,28,8.506788991,2653.846154,231.7744154,2.104539202,39.06626685,0.020576106,1.433794537,,10.76732026,52,3
24,24,8.421651376,2506.410256,298.6244842,2.019807428,35.94551857,0.02162992,1.58263134,,10.32280033,52,3
0,40,7.590825688,846.1538462,145.9422283,2.940302613,50.91847043,0.016573853,0,,10.04491018,53,1
4,50,8.659449541,3076.923077,248.2806052,2.582118294,46.5693425,0.018042467,0.029767361,,10.46132538,53,2
8,48,8.618348624,3102.564103,220.2200825,2.374140303,43.94658597,0.018928119,0.352247101,,10.73696408,53,3
12,40,8.580183486,3275.641026,230.9491059,2.170013755,41.39022834,0.01979135,0.917826953,,11.06364097,53,3
18,28,8.52146789,2794.871795,291.1966988,2.073727648,38.07028336,0.020912429,1.121237251,,10.64871319,53,3
24,24,8.442201835,2583.333333,330.8115543,1.983218707,34.91633563,0.021977455,1.24526792,,10.21223471,53,3
